{"cameraMode":{"drawMode":0,"name":"Shaded","section":"Shading Mode"},"sceneLighting":false,"audioPlay":false,"sceneViewState":{"showFog":true,"showMaterialUpdate":false,"showSkybox":false,"showFlares":true,"showImageEffects":true,"showParticleSystems":true,"showVisualEffectGraphs":true,"m_FxEnabled":true},"in2DMode":false,"pivot":{"x":0.1810944378376007,"y":1.727841854095459,"z":3.9700000286102297},"rotation":{"x":-0.08814781904220581,"y":0.07255972176790238,"z":-0.006514702457934618,"w":-0.9934920072555542},"size":5.895258903503418,"orthographic":false}