{"cameraMode":{"drawMode":0,"name":"Shaded","section":"Shading Mode"},"sceneLighting":true,"audioPlay":false,"sceneViewState":{"showFog":true,"showMaterialUpdate":false,"showSkybox":true,"showFlares":true,"showImageEffects":true,"showParticleSystems":true,"showVisualEffectGraphs":true,"m_FxEnabled":true},"in2DMode":false,"pivot":{"x":-25.979623794555665,"y":6.510293960571289,"z":125.52694702148438},"rotation":{"x":-0.08814781904220581,"y":0.07255972176790238,"z":-0.006514702457934618,"w":-0.9934920072555542},"size":72.82489013671875,"orthographic":false}